"cohort","subtype","comparison","metric","difference","ci_low","ci_high","p_value","p_formatted"
"Training cohort","IDHmut-intact","3D-CNN vs Clinicoradiologic","cindex",-0.001731160896130346,-0.07731250893308139,0.06791217075323364,0.9656997193170459,"0.966"
"Training cohort","IDHmut-intact","3D-CNN vs Clinicoradiologic","iauc",0.013634344686907718,-0.08168185226137586,0.09409831424675266,0.7880920640444892,"0.788"
"Training cohort","IDHmut-intact","3D-CNN vs Clinicoradiologic","ibs",-0.002529589570207408,-0.01643712777333373,0.013292080774241039,0.7499278203524802,"0.750"
"Training cohort","IDHmut-intact","3D-ViT vs Clinicoradiologic","cindex",0.026306856754921837,-0.04333687092595612,0.09495625322410692,0.4874242702433115,"0.487"
"Training cohort","IDHmut-intact","3D-ViT vs Clinicoradiologic","iauc",0.055401197194592355,-0.03196199553580115,0.14369924836086326,0.2533744104512156,"0.253"
"Training cohort","IDHmut-intact","3D-ViT vs Clinicoradiologic","ibs",-0.013650690228691337,-0.03100487976597415,0.001473094886163321,0.12303497215336252,"0.123"
"Training cohort","IDHmut-intact","CR-ViT vs Clinicoradiologic","cindex",0.08007467752885267,0.03347591422577631,0.1287921003880633,0.0023904413707794107,"0.002"
"Training cohort","IDHmut-intact","CR-ViT vs Clinicoradiologic","iauc",0.10633934491154085,0.04677153581464083,0.17783976950556654,0.0014258462596642967,"0.001"
"Training cohort","IDHmut-intact","CR-ViT vs Clinicoradiologic","ibs",-0.02734165929925861,-0.04194159608257498,-0.01657958331025742,2.7732414143265114e-5,"<0.001"
"Training cohort","IDHmut-intact","3D-ViT vs 3D-CNN","cindex",0.028038017651052183,-0.0035904166128338656,0.06091044109850204,0.11137126420993605,"0.111"
"Training cohort","IDHmut-intact","3D-ViT vs 3D-CNN","iauc",0.04176685250768464,0.0019585157879464304,0.07693528473753025,0.04151087319785524,"0.042"
"Training cohort","IDHmut-intact","3D-ViT vs 3D-CNN","ibs",-0.011121100658483929,-0.019040466297526225,-0.0041837153099556715,0.003954328639895264,"0.004"
"Training cohort","IDHmut-intact","CR-ViT vs 3D-CNN","cindex",0.08180583842498301,0.039884554682980064,0.13870099873877054,8.85839555211277e-4,"<0.001"
"Training cohort","IDHmut-intact","CR-ViT vs 3D-CNN","iauc",0.09270500022463313,0.04678718830420498,0.15102540465028008,0.0017572201909588575,"0.002"
"Training cohort","IDHmut-intact","CR-ViT vs 3D-CNN","ibs",-0.0248120697290512,-0.036490300931073194,-0.01390775798300305,3.64569890279172e-5,"<0.001"
"Training cohort","IDHmut-intact","CR-ViT vs 3D-ViT","cindex",0.05376782077393083,0.023256248573772672,0.08916743220404576,0.0023114579471003225,"0.002"
"Training cohort","IDHmut-intact","CR-ViT vs 3D-ViT","iauc",0.05093814771694849,0.014770767361156078,0.09555526222470336,0.02174975287975211,"0.022"
"Training cohort","IDHmut-intact","CR-ViT vs 3D-ViT","ibs",-0.013690969070567272,-0.025057831593270977,-0.004203091980486046,0.010439625064643993,"0.010"
"Training cohort","IDHmut-codel","3D-CNN vs Clinicoradiologic","cindex",-0.015592650103519734,-0.13000412484765728,0.06774684543203144,0.7746284121895671,"0.775"
"Training cohort","IDHmut-codel","3D-CNN vs Clinicoradiologic","iauc",0.026826998121276202,-0.12115297104913189,0.1273765022112342,0.6795227436313314,"0.680"
"Training cohort","IDHmut-codel","3D-CNN vs Clinicoradiologic","ibs",-0.005658101699795359,-0.020810925343467207,0.011989059844393541,0.5065055663422724,"0.507"
"Training cohort","IDHmut-codel","3D-ViT vs Clinicoradiologic","cindex",0.019668737060041352,-0.08779626433760787,0.1084978581218642,0.7169076984628895,"0.717"
"Training cohort","IDHmut-codel","3D-ViT vs Clinicoradiologic","iauc",0.0808157479061854,-0.0481416416445476,0.1719782418796047,0.18775659408643589,"0.188"
"Training cohort","IDHmut-codel","3D-ViT vs Clinicoradiologic","ibs",-0.018910907138567218,-0.03618197551632073,0.0017754048884497619,0.04924162408674676,"0.049"
"Training cohort","IDHmut-codel","CR-ViT vs Clinicoradiologic","cindex",0.08508022774327118,0.01141474371360107,0.13243073761372146,0.013931767345056361,"0.014"
"Training cohort","IDHmut-codel","CR-ViT vs Clinicoradiologic","iauc",0.13832743687975513,0.04343418645000169,0.20054139993413295,8.568792983241186e-4,"<0.001"
"Training cohort","IDHmut-codel","CR-ViT vs Clinicoradiologic","ibs",-0.026891399047617726,-0.04135425646703769,-0.014807920782013349,4.798419432199032e-4,"<0.001"
"Training cohort","IDHmut-codel","3D-ViT vs 3D-CNN","cindex",0.035261387163561086,-0.013944930386920034,0.06713160468027554,0.10115620760745893,"0.101"
"Training cohort","IDHmut-codel","3D-ViT vs 3D-CNN","iauc",0.053988749784909196,-0.0025409866932350283,0.09704881694390943,0.04138025102503292,"0.041"
"Training cohort","IDHmut-codel","3D-ViT vs 3D-CNN","ibs",-0.013252805438771859,-0.021993735829512813,-0.0037649812094815186,0.0024639715520082266,"0.002"
"Training cohort","IDHmut-codel","CR-ViT vs 3D-CNN","cindex",0.10067287784679091,0.04725915467782657,0.1535341432485135,7.596006476717834e-4,"<0.001"
"Training cohort","IDHmut-codel","CR-ViT vs 3D-CNN","iauc",0.11150043875847893,0.04082283865166886,0.17384977206188268,0.0014834442734006027,"0.001"
"Training cohort","IDHmut-codel","CR-ViT vs 3D-CNN","ibs",-0.021233297347822366,-0.03741245797148805,-0.00796604130416789,0.002536974117790115,"0.003"
"Training cohort","IDHmut-codel","CR-ViT vs 3D-ViT","cindex",0.06541149068322982,0.025340169573728248,0.1270873970917787,0.011700515599254313,"0.012"
"Training cohort","IDHmut-codel","CR-ViT vs 3D-ViT","iauc",0.05751168897356973,0.012297784569409852,0.11441039010693811,0.027590006587228554,"0.028"
"Training cohort","IDHmut-codel","CR-ViT vs 3D-ViT","ibs",-0.007980491909050508,-0.01809705128898026,0.0020012548843543376,0.12467711042297341,"0.125"
"Training cohort","GBM","3D-CNN vs Clinicoradiologic","cindex",0.010239567233384927,-0.027142996392271145,0.06328367140551684,0.650671042787338,"0.651"
"Training cohort","GBM","3D-CNN vs Clinicoradiologic","iauc",0.0758801955759244,0.022967637701436665,0.13364020306694127,0.01847502290212982,"0.018"
"Training cohort","GBM","3D-CNN vs Clinicoradiologic","ibs",-0.011863252009244318,-0.023098895386181317,-0.002032166336972411,0.05503752532318949,"0.055"
"Training cohort","GBM","3D-ViT vs Clinicoradiologic","cindex",0.059524729520865516,0.022086033997831746,0.10725120889772574,0.011309128644871904,"0.011"
"Training cohort","GBM","3D-ViT vs Clinicoradiologic","iauc",0.14390904566208185,0.0925696230014823,0.21385089431717874,1.2856826258588181e-5,"<0.001"
"Training cohort","GBM","3D-ViT vs Clinicoradiologic","ibs",-0.033368964249067934,-0.048795947803888726,-0.019783877087206907,4.6773606622845036e-5,"<0.001"
"Training cohort","GBM","CR-ViT vs Clinicoradiologic","cindex",0.09127382792375072,0.06852420100275308,0.12324088792126875,4.0972942074529334e-9,"<0.001"
"Training cohort","GBM","CR-ViT vs Clinicoradiologic","iauc",0.17661861611409158,0.13664420631207919,0.22787135175785594,2.3020016042115887e-12,"<0.001"
"Training cohort","GBM","CR-ViT vs Clinicoradiologic","ibs",-0.04756103766725554,-0.05991405258123049,-0.03658158617872843,3.2711356272126404e-13,"<0.001"
"Training cohort","GBM","3D-ViT vs 3D-CNN","cindex",0.04928516228748059,0.026807945251016943,0.06618490652015123,1.3458443305854956e-6,"<0.001"
"Training cohort","GBM","3D-ViT vs 3D-CNN","iauc",0.06802885008615744,0.04102863273806813,0.09158105766131883,4.22288819604842e-8,"<0.001"
"Training cohort","GBM","3D-ViT vs 3D-CNN","ibs",-0.021505712239823616,-0.03028378175458333,-0.013913926700217256,5.5794520329084345e-6,"<0.001"
"Training cohort","GBM","CR-ViT vs 3D-CNN","cindex",0.08103426069036579,0.0550090821140168,0.10368736137797252,1.524843553873478e-9,"<0.001"
"Training cohort","GBM","CR-ViT vs 3D-CNN","iauc",0.10073842053816717,0.06872275963646052,0.1254971954825433,2.955606589317433e-11,"<0.001"
"Training cohort","GBM","CR-ViT vs 3D-CNN","ibs",-0.035697785658011225,-0.048720770001373856,-0.026103965829942573,1.3681603776957703e-9,"<0.001"
"Training cohort","GBM","CR-ViT vs 3D-ViT","cindex",0.0317490984028852,0.012526345994850372,0.05349013165062615,0.0027398172876118643,"0.003"
"Training cohort","GBM","CR-ViT vs 3D-ViT","iauc",0.03270957045200973,0.013131323049344673,0.05483967781474647,0.0027319760527672364,"0.003"
"Training cohort","GBM","CR-ViT vs 3D-ViT","ibs",-0.014192073418187609,-0.022643233378997277,-0.007988979395525777,6.660736953650607e-4,"<0.001"
"Temporal validation cohort","IDHmut-intact","3D-CNN vs Clinicoradiologic","cindex",-0.009168303863785199,-0.13063422400076294,0.10954977777489762,0.8765098380664533,"0.877"
"Temporal validation cohort","IDHmut-intact","3D-CNN vs Clinicoradiologic","iauc",-0.01639144863197206,-0.15263303903499897,0.11055547362069085,0.8095698762758141,"0.810"
"Temporal validation cohort","IDHmut-intact","3D-CNN vs Clinicoradiologic","ibs",-0.006953990869490001,-0.025680319652143423,0.012686326260737929,0.5268752810438002,"0.527"
"Temporal validation cohort","IDHmut-intact","3D-ViT vs Clinicoradiologic","cindex",0.06401440733464314,-0.05159830515516771,0.19383450698528157,0.3217200891549706,"0.322"
"Temporal validation cohort","IDHmut-intact","3D-ViT vs Clinicoradiologic","iauc",0.07610027919831985,-0.07703407925234153,0.22297282822574482,0.2907147343327566,"0.291"
"Temporal validation cohort","IDHmut-intact","3D-ViT vs Clinicoradiologic","ibs",-0.030761906543079698,-0.055123471641569305,-0.0025520184114686782,0.017648520052045584,"0.018"
"Temporal validation cohort","IDHmut-intact","CR-ViT vs Clinicoradiologic","cindex",0.0890635232481991,0.02393971323848654,0.1665736577352671,0.02703585206490708,"0.027"
"Temporal validation cohort","IDHmut-intact","CR-ViT vs Clinicoradiologic","iauc",0.10498325434237421,0.019541687634581677,0.18899382511660112,0.02066876384277103,"0.021"
"Temporal validation cohort","IDHmut-intact","CR-ViT vs Clinicoradiologic","ibs",-0.03385811918406276,-0.05251294697973312,-0.013333381397941747,0.0018828001345571183,"0.002"
"Temporal validation cohort","IDHmut-intact","3D-ViT vs 3D-CNN","cindex",0.07318271119842834,0.018635631891808314,0.11065048429812273,0.0029784385783919423,"0.003"
"Temporal validation cohort","IDHmut-intact","3D-ViT vs 3D-CNN","iauc",0.09249172783029191,0.03095641095900005,0.1405701206951734,9.439483115005966e-4,"<0.001"
"Temporal validation cohort","IDHmut-intact","3D-ViT vs 3D-CNN","ibs",-0.023807915673589697,-0.03401493951151067,-0.01137475161920164,3.223898549138204e-4,"<0.001"
"Temporal validation cohort","IDHmut-intact","CR-ViT vs 3D-CNN","cindex",0.0982318271119843,0.0358291787056446,0.16103044772773592,0.003634499870665469,"0.004"
"Temporal validation cohort","IDHmut-intact","CR-ViT vs 3D-CNN","iauc",0.12137470297434627,0.057330479668859555,0.1976301892525646,0.0012124035786420064,"0.001"
"Temporal validation cohort","IDHmut-intact","CR-ViT vs 3D-CNN","ibs",-0.026904128314572756,-0.04676989983726429,-0.01207466686458293,0.002840741043814314,"0.003"
"Temporal validation cohort","IDHmut-intact","CR-ViT vs 3D-ViT","cindex",0.025049115913555964,-0.02907268964777066,0.09418328683137867,0.4283837944541097,"0.428"
"Temporal validation cohort","IDHmut-intact","CR-ViT vs 3D-ViT","iauc",0.028882975144054357,-0.03205099021833399,0.11387819473295895,0.3868298801387555,"0.387"
"Temporal validation cohort","IDHmut-intact","CR-ViT vs 3D-ViT","ibs",-0.0030962126409830593,-0.019804592585464798,0.007806403200631101,0.652640943251166,"0.653"
"Temporal validation cohort","IDHmut-codel","3D-CNN vs Clinicoradiologic","cindex",-0.01498929336188437,-0.16039862914862918,0.13933159049024757,0.8466495736112738,"0.847"
"Temporal validation cohort","IDHmut-codel","3D-CNN vs Clinicoradiologic","iauc",-5.113845495832159e-4,-0.15255354596887452,0.1076784096652694,0.9942850181044327,"0.994"
"Temporal validation cohort","IDHmut-codel","3D-CNN vs Clinicoradiologic","ibs",-0.011392996647102943,-0.032086271460651045,0.012867178465330028,0.3246175773538989,"0.325"
"Temporal validation cohort","IDHmut-codel","3D-ViT vs Clinicoradiologic","cindex",0.029264810849393252,-0.12492260678730811,0.16034862327115856,0.6883286313131556,"0.688"
"Temporal validation cohort","IDHmut-codel","3D-ViT vs Clinicoradiologic","iauc",0.05766190973384855,-0.07778532143258897,0.1845584813259195,0.3974384138566043,"0.397"
"Temporal validation cohort","IDHmut-codel","3D-ViT vs Clinicoradiologic","ibs",-0.019738110838446135,-0.04188687358064985,0.0027051424660310703,0.08115437298300165,"0.081"
"Temporal validation cohort","IDHmut-codel","CR-ViT vs Clinicoradiologic","cindex",0.08422555317630265,-0.006233381677544128,0.15296114704027491,0.04503474796607674,"0.045"
"Temporal validation cohort","IDHmut-codel","CR-ViT vs Clinicoradiologic","iauc",0.0984565957054071,-4.296493435218061e-4,0.1795835166263941,0.021183028181807624,"0.021"
"Temporal validation cohort","IDHmut-codel","CR-ViT vs Clinicoradiologic","ibs",-0.017668337081966398,-0.03995354934903717,0.003788388804432681,0.10921757940860206,"0.109"
"Temporal validation cohort","IDHmut-codel","3D-ViT vs 3D-CNN","cindex",0.04425410421127762,-0.01994015654195294,0.1093236361499384,0.17437431965904082,"0.174"
"Temporal validation cohort","IDHmut-codel","3D-ViT vs 3D-CNN","iauc",0.058173294283431765,-0.016663387846688422,0.13451715130695768,0.13039438276278895,"0.130"
"Temporal validation cohort","IDHmut-codel","3D-ViT vs 3D-CNN","ibs",-0.008345114191343192,-0.01902826876705739,8.418324030318655e-5,0.1495380728905199,"0.150"
"Temporal validation cohort","IDHmut-codel","CR-ViT vs 3D-CNN","cindex",0.09921484653818702,0.007106713698413014,0.18828442851736205,0.04218873927659077,"0.042"
"Temporal validation cohort","IDHmut-codel","CR-ViT vs 3D-CNN","iauc",0.09896798025499032,0.032413309087400394,0.1848968618879406,0.01861258374333517,"0.019"
"Temporal validation cohort","IDHmut-codel","CR-ViT vs 3D-CNN","ibs",-0.006275340434863455,-0.0362009010938457,0.022730822163996238,0.6935105134729254,"0.694"
"Temporal validation cohort","IDHmut-codel","CR-ViT vs 3D-ViT","cindex",0.054960742326909395,-0.015241977114212605,0.13230612542493364,0.18306450850777964,"0.183"
"Temporal validation cohort","IDHmut-codel","CR-ViT vs 3D-ViT","iauc",0.04079468597155855,-0.025776793868318663,0.11214613060746531,0.2497449471676904,"0.250"
"Temporal validation cohort","IDHmut-codel","CR-ViT vs 3D-ViT","ibs",0.002069773756479737,-0.024690582247325874,0.02671685170835405,0.8701931001197294,"0.870"
"Temporal validation cohort","GBM","3D-CNN vs Clinicoradiologic","cindex",8.461481862997999e-4,-0.05188294889355214,0.05453450723681648,0.9763946718812879,"0.976"
"Temporal validation cohort","GBM","3D-CNN vs Clinicoradiologic","iauc",0.0183549052535823,-0.08675220959379418,0.12479343471981452,0.7442508727927648,"0.744"
"Temporal validation cohort","GBM","3D-CNN vs Clinicoradiologic","ibs",-0.007095696148904013,-0.0280473908056839,0.011584543204826415,0.5045992097779559,"0.505"
"Temporal validation cohort","GBM","3D-ViT vs Clinicoradiologic","cindex",0.05974541976307857,0.010004161119283962,0.11223628636758345,0.03674043524949607,"0.037"
"Temporal validation cohort","GBM","3D-ViT vs Clinicoradiologic","iauc",0.10596809640175942,0.017800790656584665,0.18801351109514558,0.01743217131549811,"0.017"
"Temporal validation cohort","GBM","3D-ViT vs Clinicoradiologic","ibs",-0.027693602967539394,-0.04861305535437631,-0.00664194804056086,0.012586536641829555,"0.013"
"Temporal validation cohort","GBM","CR-ViT vs Clinicoradiologic","cindex",0.09370171436980357,0.05013608345476585,0.13756423252666758,5.780684000080029e-6,"<0.001"
"Temporal validation cohort","GBM","CR-ViT vs Clinicoradiologic","iauc",0.15073316723112307,0.08744903094332952,0.20526005149884502,5.688909320259784e-6,"<0.001"
"Temporal validation cohort","GBM","CR-ViT vs Clinicoradiologic","ibs",-0.043470183898576945,-0.06445875725685692,-0.02474762612492347,6.738337577094401e-5,"<0.001"
"Temporal validation cohort","GBM","3D-ViT vs 3D-CNN","cindex",0.05889927157677877,0.035220820445541964,0.08382781247527918,1.949519165709182e-6,"<0.001"
"Temporal validation cohort","GBM","3D-ViT vs 3D-CNN","iauc",0.08761319114817712,0.04191943901961618,0.1511167724354402,0.0014441862431637926,"0.001"
"Temporal validation cohort","GBM","3D-ViT vs 3D-CNN","ibs",-0.02059790681863538,-0.031392293157982816,-0.010855006488063155,1.0688137018192832e-4,"<0.001"
"Temporal validation cohort","GBM","CR-ViT vs 3D-CNN","cindex",0.09285556618350377,0.06112703729752804,0.12927461270642843,2.036871827960385e-7,"<0.001"
"Temporal validation cohort","GBM","CR-ViT vs 3D-CNN","iauc",0.13237826197754077,0.06577674312379184,0.21233657559565527,3.7169364322135707e-4,"<0.001"
"Temporal validation cohort","GBM","CR-ViT vs 3D-CNN","ibs",-0.03637448774967293,-0.05332075187571449,-0.018462545898967956,1.0926584900656953e-4,"<0.001"
"Temporal validation cohort","GBM","CR-ViT vs 3D-ViT","cindex",0.033956294606725,0.011720266152084352,0.06581435119781172,0.01868342334262074,"0.019"
"Temporal validation cohort","GBM","CR-ViT vs 3D-ViT","iauc",0.04476507082936365,0.010680086185663268,0.08087625069085755,0.020817927004683028,"0.021"
"Temporal validation cohort","GBM","CR-ViT vs 3D-ViT","ibs",-0.01577658093103755,-0.02777774736284845,-0.003521168329665653,0.015163380482742026,"0.015"
"Spatial validation cohort","IDHmut-intact","3D-CNN vs Clinicoradiologic","cindex",-0.018915223336371856,-0.11382323062871028,0.05384588258396159,0.6554020441398769,"0.655"
"Spatial validation cohort","IDHmut-intact","3D-CNN vs Clinicoradiologic","iauc",-0.029877194644181926,-0.1480697584967823,0.07856408835195963,0.5984610401948949,"0.598"
"Spatial validation cohort","IDHmut-intact","3D-CNN vs Clinicoradiologic","ibs",-9.049873811280418e-4,-0.016095350657739364,0.016178625707311763,0.9118474662270845,"0.912"
"Spatial validation cohort","IDHmut-intact","3D-ViT vs Clinicoradiologic","cindex",0.006210118505013629,-0.09377145360377218,0.07631821456567148,0.8834665056150771,"0.883"
"Spatial validation cohort","IDHmut-intact","3D-ViT vs Clinicoradiologic","iauc",0.02464542745536291,-0.08757353101219065,0.12491447671687478,0.6599427364710017,"0.660"
"Spatial validation cohort","IDHmut-intact","3D-ViT vs Clinicoradiologic","ibs",-0.009554670954661088,-0.028494395834046816,0.009890775904814984,0.2957819957075752,"0.296"
"Spatial validation cohort","IDHmut-intact","CR-ViT vs Clinicoradiologic","cindex",0.057657247037374626,-0.007420491974022097,0.10233556545727471,0.04340007499881219,"0.043"
"Spatial validation cohort","IDHmut-intact","CR-ViT vs Clinicoradiologic","iauc",0.08449064204392298,0.007923139836142708,0.14821299676309288,0.022710501013755078,"0.023"
"Spatial validation cohort","IDHmut-intact","CR-ViT vs Clinicoradiologic","ibs",-0.018408329755988523,-0.03196953855306851,-0.003867342758657134,0.009706207262341587,"0.010"
"Spatial validation cohort","IDHmut-intact","3D-ViT vs 3D-CNN","cindex",0.025125341841385485,-0.012790504337341961,0.05850507146556609,0.20676427597501223,"0.207"
"Spatial validation cohort","IDHmut-intact","3D-ViT vs 3D-CNN","iauc",0.05452262209954484,0.010259684114450269,0.0923270363665477,0.026530367972526305,"0.027"
"Spatial validation cohort","IDHmut-intact","3D-ViT vs 3D-CNN","ibs",-0.008649683573533046,-0.015606525577952848,-1.0218565812008531e-4,0.04493957918752703,"0.045"
"Spatial validation cohort","IDHmut-intact","CR-ViT vs 3D-CNN","cindex",0.07657247037374648,0.02143431841863872,0.12596448460174497,0.0021158179140668303,"0.002"
"Spatial validation cohort","IDHmut-intact","CR-ViT vs 3D-CNN","iauc",0.1143678366881049,0.04722517554683997,0.18741457881694576,5.021172460142962e-4,"<0.001"
"Spatial validation cohort","IDHmut-intact","CR-ViT vs 3D-CNN","ibs",-0.01750334237486048,-0.027051014227444898,-0.00510582234138118,0.002908593843213507,"0.003"
"Spatial validation cohort","IDHmut-intact","CR-ViT vs 3D-ViT","cindex",0.051447128532361,0.015437814486727527,0.09542651317817638,0.012114612921567985,"0.012"
"Spatial validation cohort","IDHmut-intact","CR-ViT vs 3D-ViT","iauc",0.05984521458856007,0.010227101188157495,0.10900806947507988,0.0276304915823714,"0.028"
"Spatial validation cohort","IDHmut-intact","CR-ViT vs 3D-ViT","ibs",-0.008853658801327435,-0.01849290607731359,0.0023575570037641727,0.08779728921379257,"0.088"
"Spatial validation cohort","IDHmut-codel","3D-CNN vs Clinicoradiologic","cindex",-0.051861981906164534,-0.1562382498343193,0.07441535344648986,0.3666257557694665,"0.367"
"Spatial validation cohort","IDHmut-codel","3D-CNN vs Clinicoradiologic","iauc",-0.013910881552815613,-0.15690647827429444,0.12878097893059232,0.8565447874123666,"0.857"
"Spatial validation cohort","IDHmut-codel","3D-CNN vs Clinicoradiologic","ibs",-0.007353941906352718,-0.026786026035112966,0.013738047586683635,0.4803560616746961,"0.480"
"Spatial validation cohort","IDHmut-codel","3D-ViT vs Clinicoradiologic","cindex",0.016726278140122064,-0.07180090591653848,0.1253541680890284,0.7460657949147169,"0.746"
"Spatial validation cohort","IDHmut-codel","3D-ViT vs Clinicoradiologic","iauc",0.07141152279863394,-0.05544147991074019,0.19660043368872354,0.28525869006548327,"0.285"
"Spatial validation cohort","IDHmut-codel","3D-ViT vs Clinicoradiologic","ibs",-0.02181470092274851,-0.04100744379800422,-0.001191697714814247,0.05290879872072074,"0.053"
"Spatial validation cohort","IDHmut-codel","CR-ViT vs Clinicoradiologic","cindex",0.06658952240690086,0.017269067996580824,0.12298503683766591,0.032185785476826,"0.032"
"Spatial validation cohort","IDHmut-codel","CR-ViT vs Clinicoradiologic","iauc",0.09918606215503023,0.031617156699225914,0.16581426518613646,0.011563864677903398,"0.012"
"Spatial validation cohort","IDHmut-codel","CR-ViT vs Clinicoradiologic","ibs",-0.022280099166459594,-0.03838278530961246,-0.0060249796215815134,0.011196603108585534,"0.011"
"Spatial validation cohort","IDHmut-codel","3D-ViT vs 3D-CNN","cindex",0.0685882600462866,0.025123736128646202,0.10834792739044727,0.0010523863849504524,"0.001"
"Spatial validation cohort","IDHmut-codel","3D-ViT vs 3D-CNN","iauc",0.08532240435144955,0.03745699873253225,0.13386349985571644,0.0010659364986378575,"0.001"
"Spatial validation cohort","IDHmut-codel","3D-ViT vs 3D-CNN","ibs",-0.014460759016395791,-0.021762304603859785,-0.008449275828564234,3.536953288695943e-4,"<0.001"
"Spatial validation cohort","IDHmut-codel","CR-ViT vs 3D-CNN","cindex",0.11845150431306539,0.03980201695988761,0.18639108404282273,0.0031901314050144327,"0.003"
"Spatial validation cohort","IDHmut-codel","CR-ViT vs 3D-CNN","iauc",0.11309694370784584,0.014315968319525096,0.21258807890891385,0.030124301910043498,"0.030"
"Spatial validation cohort","IDHmut-codel","CR-ViT vs 3D-CNN","ibs",-0.014926157260106876,-0.03693459726399528,0.00234163500940077,0.1662363896924905,"0.166"
"Spatial validation cohort","IDHmut-codel","CR-ViT vs 3D-ViT","cindex",0.049863244266778795,-0.01747123699121383,0.10887208176305439,0.11010872146635856,"0.110"
"Spatial validation cohort","IDHmut-codel","CR-ViT vs 3D-ViT","iauc",0.02777453935639629,-0.04479087832614917,0.09654913978157037,0.46849553485999773,"0.468"
"Spatial validation cohort","IDHmut-codel","CR-ViT vs 3D-ViT","ibs",-4.6539824371108485e-4,-0.0183761817045221,0.017158347953643703,0.9604889270694986,"0.960"
"Spatial validation cohort","GBM","3D-CNN vs Clinicoradiologic","cindex",-0.009797872340425506,-0.05518395378427631,0.04628475284568563,0.7040227877354647,"0.704"
"Spatial validation cohort","GBM","3D-CNN vs Clinicoradiologic","iauc",0.048915684429329365,-0.021757970522823855,0.12664387946057948,0.21240035491458026,"0.212"
"Spatial validation cohort","GBM","3D-CNN vs Clinicoradiologic","ibs",-0.014195238039064473,-0.029044295940557283,2.507472243563469e-4,0.07739502747515703,"0.077"
"Spatial validation cohort","GBM","3D-ViT vs Clinicoradiologic","cindex",0.031010638297872317,-0.010502797093496188,0.08304648238506697,0.1829303215389982,"0.183"
"Spatial validation cohort","GBM","3D-ViT vs Clinicoradiologic","iauc",0.10728450447133442,0.0399338174426504,0.1693939977961832,0.0011647004233828987,"0.001"
"Spatial validation cohort","GBM","3D-ViT vs Clinicoradiologic","ibs",-0.030460835795822788,-0.0473185886137603,-0.012149334282662107,0.001576266315240569,"0.002"
"Spatial validation cohort","GBM","CR-ViT vs Clinicoradiologic","cindex",0.07224468085106384,0.04098146063783771,0.10704690094902444,8.162592870931204e-6,"<0.001"
"Spatial validation cohort","GBM","CR-ViT vs Clinicoradiologic","iauc",0.14329375288071944,0.09936519577648184,0.1838505862914673,3.205058815995071e-9,"<0.001"
"Spatial validation cohort","GBM","CR-ViT vs Clinicoradiologic","ibs",-0.04143597149614531,-0.05711829285717279,-0.02132491948331549,1.8464369958840118e-5,"<0.001"
"Spatial validation cohort","GBM","3D-ViT vs 3D-CNN","cindex",0.040808510638297824,0.021439301665767727,0.06400496979750846,2.774322526432048e-4,"<0.001"
"Spatial validation cohort","GBM","3D-ViT vs 3D-CNN","iauc",0.058368820042005054,0.03893516118167633,0.09434081183067472,1.1804713787627738e-5,"<0.001"
"Spatial validation cohort","GBM","3D-ViT vs 3D-CNN","ibs",-0.016265597756758315,-0.023851373959560287,-0.008083645441875913,1.472501307902925e-4,"<0.001"
"Spatial validation cohort","GBM","CR-ViT vs 3D-CNN","cindex",0.08204255319148934,0.04900089372053626,0.10993519778104523,3.013588277268535e-7,"<0.001"
"Spatial validation cohort","GBM","CR-ViT vs 3D-CNN","iauc",0.09437806845139007,0.05443231401079876,0.1367630845366307,2.5069015757174127e-6,"<0.001"
"Spatial validation cohort","GBM","CR-ViT vs 3D-CNN","ibs",-0.027240733457080835,-0.039182076706690064,-0.00959026504486184,1.6702045300434918e-4,"<0.001"
"Spatial validation cohort","GBM","CR-ViT vs 3D-ViT","cindex",0.04123404255319152,0.022617242736572805,0.05810048602044375,9.985951198454425e-5,"<0.001"
"Spatial validation cohort","GBM","CR-ViT vs 3D-ViT","iauc",0.03600924840938502,0.009558822290347838,0.05898587302357618,0.0025403800685393535,"0.003"
"Spatial validation cohort","GBM","CR-ViT vs 3D-ViT","ibs",-0.01097513570032252,-0.01769258417479277,0.0021772109492028636,0.0247353636348842,"0.025"
"GBM multi-omics subset","GBM","3D-CNN vs Clinicoradiologic","cindex",0.01708278580814726,-0.050704579086455766,0.08928407527830533,0.6185588901699195,"0.619"
"GBM multi-omics subset","GBM","3D-CNN vs Clinicoradiologic","iauc",0.02093875206615714,-0.10027827110652375,0.11372844894185716,0.7270986295452742,"0.727"
"GBM multi-omics subset","GBM","3D-CNN vs Clinicoradiologic","ibs",-0.008118323201597416,-0.03574908817518127,0.018430749545823938,0.5353048230287534,"0.535"
"GBM multi-omics subset","GBM","3D-ViT vs Clinicoradiologic","cindex",0.07004952997068636,0.005748035615967268,0.13264283030335122,0.0538103691483263,"0.054"
"GBM multi-omics subset","GBM","3D-ViT vs Clinicoradiologic","iauc",0.10246960932293459,0.016020214345047044,0.18073457726419279,0.027436451370136863,"0.027"
"GBM multi-omics subset","GBM","3D-ViT vs Clinicoradiologic","ibs",-0.027631367582968858,-0.05979610601046114,-0.0028119694040629134,0.05464639570475932,"0.055"
"GBM multi-omics subset","GBM","CR-ViT vs Clinicoradiologic","cindex",0.10623673304356618,0.05975779356274201,0.14263962250478612,1.0517506643230325e-5,"<0.001"
"GBM multi-omics subset","GBM","CR-ViT vs Clinicoradiologic","iauc",0.15143323335644776,0.09733774348670504,0.21202308481164045,2.6739780884810845e-6,"<0.001"
"GBM multi-omics subset","GBM","CR-ViT vs Clinicoradiologic","ibs",-0.044741230660773734,-0.07264200182930192,-0.01914909498088189,0.00117646676926749,"0.001"
"GBM multi-omics subset","GBM","3D-ViT vs 3D-CNN","cindex",0.0529667441625391,0.01636794362242667,0.08833534556201142,0.003380420112873926,"0.003"
"GBM multi-omics subset","GBM","3D-ViT vs 3D-CNN","iauc",0.08153085725677744,0.02016440201162987,0.15469740488254452,0.013665876817569594,"0.014"
"GBM multi-omics subset","GBM","3D-ViT vs 3D-CNN","ibs",-0.01951304438137144,-0.0329331964890238,-0.009071474867926393,0.0013483481633171542,"0.001"
"GBM multi-omics subset","GBM","CR-ViT vs 3D-CNN","cindex",0.08915394723541892,0.04241878581667218,0.12907476045863164,2.2942271916019877e-5,"<0.001"
"GBM multi-omics subset","GBM","CR-ViT vs 3D-CNN","iauc",0.13049448129029062,0.06439459446905467,0.21418533689489316,0.002291723473359995,"0.002"
"GBM multi-omics subset","GBM","CR-ViT vs 3D-CNN","ibs",-0.03662290745917632,-0.057330879528532004,-0.02066211670842656,1.8253537612715178e-4,"<0.001"
"GBM multi-omics subset","GBM","CR-ViT vs 3D-ViT","cindex",0.036187203072879814,0.0042395417831787244,0.06942465836709247,0.032225839295924714,"0.032"
"GBM multi-omics subset","GBM","CR-ViT vs 3D-ViT","iauc",0.048963624033513176,0.01291751832139813,0.09151034293222156,0.02003653632059774,"0.020"
"GBM multi-omics subset","GBM","CR-ViT vs 3D-ViT","ibs",-0.017109863077804877,-0.032045197345731996,-0.006359613937009171,0.009006257527407016,"0.009"
