"cohort","subtype","model","time_months","brier","ibs"
"Training cohort","IDHmut-intact","Clinicoradiologic",6,0.07139528951390316,0.16701758926112423
"Training cohort","IDHmut-intact","Clinicoradiologic",12,0.1398800942833174,0.16701758926112423
"Training cohort","IDHmut-intact","Clinicoradiologic",18,0.17252882934799407,0.16701758926112423
"Training cohort","IDHmut-intact","Clinicoradiologic",24,0.1873998717034016,0.16701758926112423
"Training cohort","IDHmut-intact","Clinicoradiologic",30,0.19758079411648527,0.16701758926112423
"Training cohort","IDHmut-intact","Clinicoradiologic",36,0.20400142419494255,0.16701758926112423
"Training cohort","IDHmut-intact","3D-CNN",6,0.0705344033929839,0.16448799969091682
"Training cohort","IDHmut-intact","3D-CNN",12,0.13938292117239956,0.16448799969091682
"Training cohort","IDHmut-intact","3D-CNN",18,0.16550314083751996,0.16448799969091682
"Training cohort","IDHmut-intact","3D-CNN",24,0.18741904692717748,0.16448799969091682
"Training cohort","IDHmut-intact","3D-CNN",30,0.19578506278800784,0.16448799969091682
"Training cohort","IDHmut-intact","3D-CNN",36,0.19816525006597466,0.16448799969091682
"Training cohort","IDHmut-intact","3D-ViT",6,0.06923130065663728,0.1533668990324329
"Training cohort","IDHmut-intact","3D-ViT",12,0.13502583827217304,0.1533668990324329
"Training cohort","IDHmut-intact","3D-ViT",18,0.15629357396558566,0.1533668990324329
"Training cohort","IDHmut-intact","3D-ViT",24,0.1717589228837883,0.1533668990324329
"Training cohort","IDHmut-intact","3D-ViT",30,0.17858011098933768,0.1533668990324329
"Training cohort","IDHmut-intact","3D-ViT",36,0.18112079744592213,0.1533668990324329
"Training cohort","IDHmut-intact","CR-ViT",6,0.06750253641765223,0.13967592996186562
"Training cohort","IDHmut-intact","CR-ViT",12,0.12763233455412382,0.13967592996186562
"Training cohort","IDHmut-intact","CR-ViT",18,0.1500068407118216,0.13967592996186562
"Training cohort","IDHmut-intact","CR-ViT",24,0.15391622184566722,0.13967592996186562
"Training cohort","IDHmut-intact","CR-ViT",30,0.15550807904187422,0.13967592996186562
"Training cohort","IDHmut-intact","CR-ViT",36,0.15512981089403013,0.13967592996186562
"Training cohort","IDHmut-codel","Clinicoradiologic",6,0.050305720323488325,0.14029353748199033
"Training cohort","IDHmut-codel","Clinicoradiologic",12,0.1081460037590711,0.14029353748199033
"Training cohort","IDHmut-codel","Clinicoradiologic",18,0.14248503037650556,0.14029353748199033
"Training cohort","IDHmut-codel","Clinicoradiologic",24,0.15930572092102224,0.14029353748199033
"Training cohort","IDHmut-codel","Clinicoradiologic",30,0.1719687682796962,0.14029353748199033
"Training cohort","IDHmut-codel","Clinicoradiologic",36,0.18881860782382495,0.14029353748199033
"Training cohort","IDHmut-codel","3D-CNN",6,0.04969285653900747,0.13463543578219497
"Training cohort","IDHmut-codel","3D-CNN",12,0.0999761161939019,0.13463543578219497
"Training cohort","IDHmut-codel","3D-CNN",18,0.13394473084623573,0.13463543578219497
"Training cohort","IDHmut-codel","3D-CNN",24,0.15643470094642895,0.13463543578219497
"Training cohort","IDHmut-codel","3D-CNN",30,0.1691291689773239,0.13463543578219497
"Training cohort","IDHmut-codel","3D-CNN",36,0.17769206735516138,0.13463543578219497
"Training cohort","IDHmut-codel","3D-ViT",6,0.046413735294571934,0.12138263034342311
"Training cohort","IDHmut-codel","3D-ViT",12,0.0901790532081729,0.12138263034342311
"Training cohort","IDHmut-codel","3D-ViT",18,0.12295528684540338,0.12138263034342311
"Training cohort","IDHmut-codel","3D-ViT",24,0.14173351065334633,0.12138263034342311
"Training cohort","IDHmut-codel","3D-ViT",30,0.15053316089878127,0.12138263034342311
"Training cohort","IDHmut-codel","3D-ViT",36,0.15661054492825144,0.12138263034342311
"Training cohort","IDHmut-codel","CR-ViT",6,0.047050656130444415,0.1134021384343726
"Training cohort","IDHmut-codel","CR-ViT",12,0.09158425868896335,0.1134021384343726
"Training cohort","IDHmut-codel","CR-ViT",18,0.11739644485214773,0.1134021384343726
"Training cohort","IDHmut-codel","CR-ViT",24,0.1280214707384651,0.1134021384343726
"Training cohort","IDHmut-codel","CR-ViT",30,0.13411700935359883,0.1134021384343726
"Training cohort","IDHmut-codel","CR-ViT",36,0.14473236094693165,0.1134021384343726
"Training cohort","GBM","Clinicoradiologic",6,0.21999006385762546,0.16832857570319829
"Training cohort","GBM","Clinicoradiologic",12,0.21372695071878,0.16832857570319829
"Training cohort","GBM","Clinicoradiologic",18,0.18790196334743323,0.16832857570319829
"Training cohort","GBM","Clinicoradiologic",24,0.1491876678345011,0.16832857570319829
"Training cohort","GBM","Clinicoradiologic",30,0.12325653004079663,0.16832857570319829
"Training cohort","GBM","Clinicoradiologic",36,0.11514946929133552,0.16832857570319829
"Training cohort","GBM","3D-CNN",6,0.22475561038459144,0.15646532369395397
"Training cohort","GBM","3D-CNN",12,0.20493556128011015,0.15646532369395397
"Training cohort","GBM","3D-CNN",18,0.16837665073420277,0.15646532369395397
"Training cohort","GBM","3D-CNN",24,0.12973958642509273,0.15646532369395397
"Training cohort","GBM","3D-CNN",30,0.11445869438390628,0.15646532369395397
"Training cohort","GBM","3D-CNN",36,0.10487664090832416,0.15646532369395397
"Training cohort","GBM","3D-ViT",6,0.2030700392477558,0.13495961145413035
"Training cohort","GBM","3D-ViT",12,0.18096400383770878,0.13495961145413035
"Training cohort","GBM","3D-ViT",18,0.14502713733501993,0.13495961145413035
"Training cohort","GBM","3D-ViT",24,0.1071996062691571,0.13495961145413035
"Training cohort","GBM","3D-ViT",30,0.09700267310272269,0.13495961145413035
"Training cohort","GBM","3D-ViT",36,0.08613923420433085,0.13495961145413035
"Training cohort","GBM","CR-ViT",6,0.18118246008030378,0.12076753803594274
"Training cohort","GBM","CR-ViT",12,0.16659794090315455,0.12076753803594274
"Training cohort","GBM","CR-ViT",18,0.13632853535438952,0.12076753803594274
"Training cohort","GBM","CR-ViT",24,0.09343573467064445,0.12076753803594274
"Training cohort","GBM","CR-ViT",30,0.07900186053173491,0.12076753803594274
"Training cohort","GBM","CR-ViT",36,0.07576477735927674,0.12076753803594274
"Temporal validation cohort","IDHmut-intact","Clinicoradiologic",6,0.06198225373728723,0.19708235543348065
"Temporal validation cohort","IDHmut-intact","Clinicoradiologic",12,0.13088789761481492,0.19708235543348065
"Temporal validation cohort","IDHmut-intact","Clinicoradiologic",18,0.20319604207182465,0.19708235543348065
"Temporal validation cohort","IDHmut-intact","Clinicoradiologic",24,0.24106115170682926,0.19708235543348065
"Temporal validation cohort","IDHmut-intact","Clinicoradiologic",30,0.24974920408111212,0.19708235543348065
"Temporal validation cohort","IDHmut-intact","Clinicoradiologic",36,0.2590527096483573,0.19708235543348065
"Temporal validation cohort","IDHmut-intact","3D-CNN",6,0.0630400481057226,0.19012836456399065
"Temporal validation cohort","IDHmut-intact","3D-CNN",12,0.14185106910607687,0.19012836456399065
"Temporal validation cohort","IDHmut-intact","3D-CNN",18,0.20248953782193294,0.19012836456399065
"Temporal validation cohort","IDHmut-intact","3D-CNN",24,0.22703031342086136,0.19012836456399065
"Temporal validation cohort","IDHmut-intact","3D-CNN",30,0.23020485926851564,0.19012836456399065
"Temporal validation cohort","IDHmut-intact","3D-CNN",36,0.2350920382994105,0.19012836456399065
"Temporal validation cohort","IDHmut-intact","3D-ViT",6,0.06052857404969841,0.16632044889040096
"Temporal validation cohort","IDHmut-intact","3D-ViT",12,0.1254128236799774,0.16632044889040096
"Temporal validation cohort","IDHmut-intact","3D-ViT",18,0.17907213513109063,0.16632044889040096
"Temporal validation cohort","IDHmut-intact","3D-ViT",24,0.19673270003736715,0.16632044889040096
"Temporal validation cohort","IDHmut-intact","3D-ViT",30,0.19908095016358998,0.16632044889040096
"Temporal validation cohort","IDHmut-intact","3D-ViT",36,0.20207869683026075,0.16632044889040096
"Temporal validation cohort","IDHmut-intact","CR-ViT",6,0.05826230109082809,0.1632242362494179
"Temporal validation cohort","IDHmut-intact","CR-ViT",12,0.12164329865019868,0.1632242362494179
"Temporal validation cohort","IDHmut-intact","CR-ViT",18,0.17062464961325785,0.1632242362494179
"Temporal validation cohort","IDHmut-intact","CR-ViT",24,0.19609875503469806,0.1632242362494179
"Temporal validation cohort","IDHmut-intact","CR-ViT",30,0.19774255386216946,0.1632242362494179
"Temporal validation cohort","IDHmut-intact","CR-ViT",36,0.20176154708270289,0.1632242362494179
"Temporal validation cohort","IDHmut-codel","Clinicoradiologic",6,0.049865436658083497,0.1405556907633317
"Temporal validation cohort","IDHmut-codel","Clinicoradiologic",12,0.08657840060222058,0.1405556907633317
"Temporal validation cohort","IDHmut-codel","Clinicoradiologic",18,0.12034779200184592,0.1405556907633317
"Temporal validation cohort","IDHmut-codel","Clinicoradiologic",24,0.17974261040944955,0.1405556907633317
"Temporal validation cohort","IDHmut-codel","Clinicoradiologic",30,0.1927117479873186,0.1405556907633317
"Temporal validation cohort","IDHmut-codel","Clinicoradiologic",36,0.19693036897356386,0.1405556907633317
"Temporal validation cohort","IDHmut-codel","3D-CNN",6,0.05654432816064608,0.12916269411622874
"Temporal validation cohort","IDHmut-codel","3D-CNN",12,0.09519799217419879,0.12916269411622874
"Temporal validation cohort","IDHmut-codel","3D-CNN",18,0.12387144732334274,0.12916269411622874
"Temporal validation cohort","IDHmut-codel","3D-CNN",24,0.14678161307536003,0.12916269411622874
"Temporal validation cohort","IDHmut-codel","3D-CNN",30,0.1618314397611418,0.12916269411622874
"Temporal validation cohort","IDHmut-codel","3D-CNN",36,0.17971762833355465,0.12916269411622874
"Temporal validation cohort","IDHmut-codel","3D-ViT",6,0.05571580447898086,0.12081757992488555
"Temporal validation cohort","IDHmut-codel","3D-ViT",12,0.09252650537507948,0.12081757992488555
"Temporal validation cohort","IDHmut-codel","3D-ViT",18,0.11568455090844598,0.12081757992488555
"Temporal validation cohort","IDHmut-codel","3D-ViT",24,0.13755984543593225,0.12081757992488555
"Temporal validation cohort","IDHmut-codel","3D-ViT",30,0.14705855986748106,0.12081757992488555
"Temporal validation cohort","IDHmut-codel","3D-ViT",36,0.166801071595997,0.12081757992488555
"Temporal validation cohort","IDHmut-codel","CR-ViT",6,0.04534791320800519,0.12288735368136529
"Temporal validation cohort","IDHmut-codel","CR-ViT",12,0.08011752276958502,0.12288735368136529
"Temporal validation cohort","IDHmut-codel","CR-ViT",18,0.10791990245570511,0.12288735368136529
"Temporal validation cohort","IDHmut-codel","CR-ViT",24,0.15212039766150004,0.12288735368136529
"Temporal validation cohort","IDHmut-codel","CR-ViT",30,0.16436783244831665,0.12288735368136529
"Temporal validation cohort","IDHmut-codel","CR-ViT",36,0.17447431293543406,0.12288735368136529
"Temporal validation cohort","GBM","Clinicoradiologic",6,0.22400544037534442,0.16104535813846238
"Temporal validation cohort","GBM","Clinicoradiologic",12,0.20834593003463805,0.16104535813846238
"Temporal validation cohort","GBM","Clinicoradiologic",18,0.16408405219417355,0.16104535813846238
"Temporal validation cohort","GBM","Clinicoradiologic",24,0.15201800842132718,0.16104535813846238
"Temporal validation cohort","GBM","Clinicoradiologic",30,0.1201067099724405,0.16104535813846238
"Temporal validation cohort","GBM","Clinicoradiologic",36,0.09733873976412054,0.16104535813846238
"Temporal validation cohort","GBM","3D-CNN",6,0.23553993609136867,0.15394966198955837
"Temporal validation cohort","GBM","3D-CNN",12,0.2162053865672079,0.15394966198955837
"Temporal validation cohort","GBM","3D-CNN",18,0.16240518086539313,0.15394966198955837
"Temporal validation cohort","GBM","3D-CNN",24,0.1357162043292571,0.15394966198955837
"Temporal validation cohort","GBM","3D-CNN",30,0.09891445990023819,0.15394966198955837
"Temporal validation cohort","GBM","3D-CNN",36,0.0774742204800224,0.15394966198955837
"Temporal validation cohort","GBM","3D-ViT",6,0.21322634216340455,0.133351755170923
"Temporal validation cohort","GBM","3D-ViT",12,0.19237104040072725,0.133351755170923
"Temporal validation cohort","GBM","3D-ViT",18,0.1416586585191512,0.133351755170923
"Temporal validation cohort","GBM","3D-ViT",24,0.11488252379434634,0.133351755170923
"Temporal validation cohort","GBM","3D-ViT",30,0.08141988521532209,0.133351755170923
"Temporal validation cohort","GBM","3D-ViT",36,0.05962699368673147,0.133351755170923
"Temporal validation cohort","GBM","CR-ViT",6,0.19633221240698168,0.11757517423988544
"Temporal validation cohort","GBM","CR-ViT",12,0.16861900210036088,0.11757517423988544
"Temporal validation cohort","GBM","CR-ViT",18,0.12218875946080361,0.11757517423988544
"Temporal validation cohort","GBM","CR-ViT",24,0.09910324356820073,0.11757517423988544
"Temporal validation cohort","GBM","CR-ViT",30,0.07369360518364075,0.11757517423988544
"Temporal validation cohort","GBM","CR-ViT",36,0.052210309365860616,0.11757517423988544
"Spatial validation cohort","IDHmut-intact","Clinicoradiologic",6,0.05323930249019286,0.15464509475735558
"Spatial validation cohort","IDHmut-intact","Clinicoradiologic",12,0.1041526018698223,0.15464509475735558
"Spatial validation cohort","IDHmut-intact","Clinicoradiologic",18,0.13815258480911627,0.15464509475735558
"Spatial validation cohort","IDHmut-intact","Clinicoradiologic",24,0.19431708994667066,0.15464509475735558
"Spatial validation cohort","IDHmut-intact","Clinicoradiologic",30,0.20375645326171044,0.15464509475735558
"Spatial validation cohort","IDHmut-intact","Clinicoradiologic",36,0.21245418530872356,0.15464509475735558
"Spatial validation cohort","IDHmut-intact","3D-CNN",6,0.05617837723475177,0.15374010737622754
"Spatial validation cohort","IDHmut-intact","3D-CNN",12,0.11031551152499491,0.15374010737622754
"Spatial validation cohort","IDHmut-intact","3D-CNN",18,0.14537059627728696,0.15374010737622754
"Spatial validation cohort","IDHmut-intact","3D-CNN",24,0.19120358510360178,0.15374010737622754
"Spatial validation cohort","IDHmut-intact","3D-CNN",30,0.1935288674215911,0.15374010737622754
"Spatial validation cohort","IDHmut-intact","3D-CNN",36,0.20038557587257427,0.15374010737622754
"Spatial validation cohort","IDHmut-intact","3D-ViT",6,0.05626149401571874,0.1450904238026945
"Spatial validation cohort","IDHmut-intact","3D-ViT",12,0.10586512140893015,0.1450904238026945
"Spatial validation cohort","IDHmut-intact","3D-ViT",18,0.13957564132129613,0.1450904238026945
"Spatial validation cohort","IDHmut-intact","3D-ViT",24,0.18075334863116754,0.1450904238026945
"Spatial validation cohort","IDHmut-intact","3D-ViT",30,0.17705412710215332,0.1450904238026945
"Spatial validation cohort","IDHmut-intact","3D-ViT",36,0.188146267084132,0.1450904238026945
"Spatial validation cohort","IDHmut-intact","CR-ViT",6,0.05550930368816499,0.13623676500136706
"Spatial validation cohort","IDHmut-intact","CR-ViT",12,0.10072200250174225,0.13623676500136706
"Spatial validation cohort","IDHmut-intact","CR-ViT",18,0.12630227014128345,0.13623676500136706
"Spatial validation cohort","IDHmut-intact","CR-ViT",24,0.1720939996769724,0.13623676500136706
"Spatial validation cohort","IDHmut-intact","CR-ViT",30,0.1676054169991364,0.13623676500136706
"Spatial validation cohort","IDHmut-intact","CR-ViT",36,0.1734109676872365,0.13623676500136706
"Spatial validation cohort","IDHmut-codel","Clinicoradiologic",6,0.044305697512554774,0.1572048386462893
"Spatial validation cohort","IDHmut-codel","Clinicoradiologic",12,0.12821809047843313,0.1572048386462893
"Spatial validation cohort","IDHmut-codel","Clinicoradiologic",18,0.16669059773258854,0.1572048386462893
"Spatial validation cohort","IDHmut-codel","Clinicoradiologic",24,0.1772380800301421,0.1572048386462893
"Spatial validation cohort","IDHmut-codel","Clinicoradiologic",30,0.19055160294920603,0.1572048386462893
"Spatial validation cohort","IDHmut-codel","Clinicoradiologic",36,0.2023459465695986,0.1572048386462893
"Spatial validation cohort","IDHmut-codel","3D-CNN",6,0.044648105268076006,0.1498508967399366
"Spatial validation cohort","IDHmut-codel","3D-CNN",12,0.12452306390972635,0.1498508967399366
"Spatial validation cohort","IDHmut-codel","3D-CNN",18,0.15606776071473183,0.1498508967399366
"Spatial validation cohort","IDHmut-codel","3D-CNN",24,0.16611096444646406,0.1498508967399366
"Spatial validation cohort","IDHmut-codel","3D-CNN",30,0.18134782050125922,0.1498508967399366
"Spatial validation cohort","IDHmut-codel","3D-CNN",36,0.19776164298692675,0.1498508967399366
"Spatial validation cohort","IDHmut-codel","3D-ViT",6,0.045530569384729554,0.1353901377235408
"Spatial validation cohort","IDHmut-codel","3D-ViT",12,0.11815462350938626,0.1353901377235408
"Spatial validation cohort","IDHmut-codel","3D-ViT",18,0.14201193471788684,0.1353901377235408
"Spatial validation cohort","IDHmut-codel","3D-ViT",24,0.14696874691049464,0.1353901377235408
"Spatial validation cohort","IDHmut-codel","3D-ViT",30,0.15845698645300357,0.1353901377235408
"Spatial validation cohort","IDHmut-codel","3D-ViT",36,0.17718622466913603,0.1353901377235408
"Spatial validation cohort","IDHmut-codel","CR-ViT",6,0.0495170558298069,0.13492473947982972
"Spatial validation cohort","IDHmut-codel","CR-ViT",12,0.12359665127243079,0.13492473947982972
"Spatial validation cohort","IDHmut-codel","CR-ViT",18,0.14232156209866306,0.13492473947982972
"Spatial validation cohort","IDHmut-codel","CR-ViT",24,0.14424470609677933,0.13492473947982972
"Spatial validation cohort","IDHmut-codel","CR-ViT",30,0.15414077720216612,0.13492473947982972
"Spatial validation cohort","IDHmut-codel","CR-ViT",36,0.1711229456284117,0.13492473947982972
"Spatial validation cohort","GBM","Clinicoradiologic",6,0.21977813682786787,0.17927845520385763
"Spatial validation cohort","GBM","Clinicoradiologic",12,0.2393511291594056,0.17927845520385763
"Spatial validation cohort","GBM","Clinicoradiologic",18,0.1999663650891901,0.17927845520385763
"Spatial validation cohort","GBM","Clinicoradiologic",24,0.1603535317513854,0.17927845520385763
"Spatial validation cohort","GBM","Clinicoradiologic",30,0.12585487167202605,0.17927845520385763
"Spatial validation cohort","GBM","Clinicoradiologic",36,0.12195461986669406,0.17927845520385763
"Spatial validation cohort","GBM","3D-CNN",6,0.22204134083586707,0.16508321716479316
"Spatial validation cohort","GBM","3D-CNN",12,0.23119931074727545,0.16508321716479316
"Spatial validation cohort","GBM","3D-CNN",18,0.18897987724474188,0.16508321716479316
"Spatial validation cohort","GBM","3D-CNN",24,0.1425862184308453,0.16508321716479316
"Spatial validation cohort","GBM","3D-CNN",30,0.1071263982398443,0.16508321716479316
"Spatial validation cohort","GBM","3D-CNN",36,0.08900722148665055,0.16508321716479316
"Spatial validation cohort","GBM","3D-ViT",6,0.2114959381121929,0.14881761940803484
"Spatial validation cohort","GBM","3D-ViT",12,0.21861560229871388,0.14881761940803484
"Spatial validation cohort","GBM","3D-ViT",18,0.1734932037916051,0.14881761940803484
"Spatial validation cohort","GBM","3D-ViT",24,0.12012874785405077,0.14881761940803484
"Spatial validation cohort","GBM","3D-ViT",30,0.09060772953081676,0.14881761940803484
"Spatial validation cohort","GBM","3D-ViT",36,0.07098968901778242,0.14881761940803484
"Spatial validation cohort","GBM","CR-ViT",6,0.19478380112184515,0.13784248370771232
"Spatial validation cohort","GBM","CR-ViT",12,0.2045003893142548,0.13784248370771232
"Spatial validation cohort","GBM","CR-ViT",18,0.16289383839542754,0.13784248370771232
"Spatial validation cohort","GBM","CR-ViT",24,0.11327964934993949,0.13784248370771232
"Spatial validation cohort","GBM","CR-ViT",30,0.07870516761614008,0.13784248370771232
"Spatial validation cohort","GBM","CR-ViT",36,0.06488294660375443,0.13784248370771232
"GBM multi-omics subset","GBM","Clinicoradiologic",6,0.22561295343739793,0.16679930524326356
"GBM multi-omics subset","GBM","Clinicoradiologic",12,0.21235289563933749,0.16679930524326356
"GBM multi-omics subset","GBM","Clinicoradiologic",18,0.16991298325877116,0.16679930524326356
"GBM multi-omics subset","GBM","Clinicoradiologic",24,0.15825325269231064,0.16679930524326356
"GBM multi-omics subset","GBM","Clinicoradiologic",30,0.12954814891145094,0.16679930524326356
"GBM multi-omics subset","GBM","Clinicoradiologic",36,0.10224553799149715,0.16679930524326356
"GBM multi-omics subset","GBM","3D-CNN",6,0.22974196251846765,0.15868098204166614
"GBM multi-omics subset","GBM","3D-CNN",12,0.21896645791045485,0.15868098204166614
"GBM multi-omics subset","GBM","3D-CNN",18,0.1711090658852772,0.15868098204166614
"GBM multi-omics subset","GBM","3D-CNN",24,0.14076999591323205,0.15868098204166614
"GBM multi-omics subset","GBM","3D-CNN",30,0.10725548022931002,0.15868098204166614
"GBM multi-omics subset","GBM","3D-CNN",36,0.08086585802164535,0.15868098204166614
"GBM multi-omics subset","GBM","3D-ViT",6,0.20410577905768032,0.1391679376602947
"GBM multi-omics subset","GBM","3D-ViT",12,0.19733303465022167,0.1391679376602947
"GBM multi-omics subset","GBM","3D-ViT",18,0.15393681211813248,0.1391679376602947
"GBM multi-omics subset","GBM","3D-ViT",24,0.12375082405192214,0.1391679376602947
"GBM multi-omics subset","GBM","3D-ViT",30,0.08813899368169863,0.1391679376602947
"GBM multi-omics subset","GBM","3D-ViT",36,0.06125426854131686,0.1391679376602947
"GBM multi-omics subset","GBM","CR-ViT",6,0.18569244201114052,0.12205807458248982
"GBM multi-omics subset","GBM","CR-ViT",12,0.17245848156806806,0.12205807458248982
"GBM multi-omics subset","GBM","CR-ViT",18,0.13225289754062078,0.12205807458248982
"GBM multi-omics subset","GBM","CR-ViT",24,0.10710818795201926,0.12205807458248982
"GBM multi-omics subset","GBM","CR-ViT",30,0.07917346210246128,0.12205807458248982
"GBM multi-omics subset","GBM","CR-ViT",36,0.05290224548741895,0.12205807458248982
