"cohort","subtype","n","events","vit_mean","vit_sd","vit_q01","vit_q50","vit_q99","cnn_mean","cnn_sd","cnn_q01","cnn_q50","cnn_q99","vit_cnn_spearman","vit_cindex","cnn_cindex","vit_training_median_cutoff","cnn_training_median_cutoff"
"Spatial validation cohort","GBM",329,251,-0.02216132454119555,0.9908585106368416,-2.4438086855680616,0.07471494139416723,2.118585208420361,-0.023562838364508575,0.9895538858881523,-2.361010607869477,0.09147256841008444,2.076178798908527,0.865365919559587,0.6543617021276595,0.6135531914893617,0.17446587762086593,0.06673127238261928
"Spatial validation cohort","IDHmut-codel",150,45,0.06214516895484129,0.981377824303549,-1.908349566869312,0.00856190675534468,2.1913188574857183,0.07361767496297454,0.9238939579339258,-1.6918675525936049,0.14562510084825037,2.1599288109376893,0.8889594112037188,0.6463286345466022,0.5777403745003156,8.058926080428604e-4,0.08235714935148589
"Spatial validation cohort","IDHmut-intact",196,72,0.017696381196165262,1.0386431998171426,-2.073810482838157,0.002222031137480505,2.30240796489976,-0.009865331897879755,0.9627977447798707,-2.045338850328364,-0.0063937042633507146,2.096242579941363,0.8464839442662506,0.6414653600729261,0.6163400182315406,-0.00950841108329423,0.04769455785402757
"Temporal validation cohort","GBM",175,138,0.014002125193404928,0.8926554495672004,-2.011906866019755,0.0699418289411179,2.0520518518363247,-0.04863182362734304,0.922072755105081,-2.0762484007037245,-0.01494474599989564,1.866809582611486,0.8267194212479014,0.6707011993230815,0.6118019277463027,0.17446587762086593,0.06673127238261928
"Temporal validation cohort","IDHmut-codel",84,24,-0.05425742601891399,0.9585540225829934,-1.723705508515459,0,2.061261576838129,-0.09128290261100365,0.900776216891348,-1.8025598388675168,-0.1159993808902123,2.0136922575711695,0.8366342691734447,0.6780870806566738,0.6338329764453962,8.058926080428604e-4,0.08235714935148589
"Temporal validation cohort","IDHmut-intact",103,49,0.11505687174368132,0.9191894152853144,-1.8454114108184576,0.07739300629196852,2.0757667340648385,0.1546656699398592,0.8313292282297646,-1.5923648984330883,0.12131234776608288,1.8571173560598644,0.8286050074550575,0.6720694171578259,0.5988867059593975,-0.00950841108329423,0.04769455785402757
"Training cohort","GBM",417,329,0.056931125584773846,0.9710605164153433,-2.4035913008264775,0.17446587762086593,2.093483105818265,0.05516243389695085,0.9065039864968587,-2.230293537312822,0.06673127238261928,1.9444270123327492,0.8309575087916427,0.6865597630087583,0.6372746007212777,0.17446587762086593,0.06673127238261928
"Training cohort","IDHmut-codel",189,58,-0.02786207274170334,0.9902428669698158,-1.9291086493612049,8.058926080428604e-4,2.3094741844112914,-0.004956766650022376,0.985487605060222,-2.040501537942906,0.08235714935148589,2.0596925821836374,0.8459479300177428,0.6853649068322981,0.650103519668737,8.058926080428604e-4,0.08235714935148589
"Training cohort","IDHmut-intact",237,93,-0.039168336914652956,0.9548554209194519,-1.8578866315518776,-0.00950841108329423,1.927829899266825,-0.02869473670185919,0.937231844315685,-2.279579447787615,0.04769455785402757,1.834303787547529,0.8666024666345,0.6748811948404616,0.6468431771894094,-0.00950841108329423,0.04769455785402757
